-- phpMyAdmin SQL Dump
-- version 5.0.2
-- https://www.phpmyadmin.net/
--
-- Host: 127.0.0.1
-- Generation Time: May 01, 2021 at 12:20 PM
-- Server version: 10.4.14-MariaDB
-- PHP Version: 7.4.9

SET SQL_MODE = "NO_AUTO_VALUE_ON_ZERO";
START TRANSACTION;
SET time_zone = "+00:00";


/*!40101 SET @OLD_CHARACTER_SET_CLIENT=@@CHARACTER_SET_CLIENT */;
/*!40101 SET @OLD_CHARACTER_SET_RESULTS=@@CHARACTER_SET_RESULTS */;
/*!40101 SET @OLD_COLLATION_CONNECTION=@@COLLATION_CONNECTION */;
/*!40101 SET NAMES utf8mb4 */;

--
-- Database: `nadia`
--

-- --------------------------------------------------------

--
-- Table structure for table `books`
--

CREATE TABLE `books` (
  `id` int(11) NOT NULL,
  `name` varchar(100) COLLATE utf8mb4_unicode_ci NOT NULL,
  `author` varchar(50) COLLATE utf8mb4_unicode_ci NOT NULL,
  `content` text COLLATE utf8mb4_unicode_ci NOT NULL,
  `ep_num` int(11) NOT NULL,
  `created_at` timestamp NOT NULL DEFAULT current_timestamp(),
  `updated_at` timestamp NOT NULL DEFAULT current_timestamp() ON UPDATE current_timestamp()
) ENGINE=InnoDB DEFAULT CHARSET=utf8mb4 COLLATE=utf8mb4_unicode_ci;

--
-- Dumping data for table `books`
--

INSERT INTO `books` (`id`, `name`, `author`, `content`, `ep_num`, `created_at`, `updated_at`) VALUES
(4, 'To every me who I remember', 'Pomona Sprout', 'การปลอบโยนของ Twoego ที่ส่งถึงคุณ\r\nผู้ซึ่งยืนอยู่เพียงลำพังบนโลกอันกว้างใหญ่\r\nผู้ซึ่งเจ็บปวดกับชีวิต, ผู้คนและหัวใจ\r\nผู้ซึ่งไร้ความรู้สึกกับทุกสิ่ง\r\n...\r\nมีคำพูดหนึ่งที่บอกว่าตำแหน่งสถานะสร้างคน\r\nแต่ไม่จำเป็นที่จะต้องห่อเหี่ยวเมื่อตำแหน่งหรือสถานะในปัจจุบันแย่ลง\r\n \r\n“แค่เรามีชีวิตอยู่บนโลกนี้ก็มีคุณค่ามากพอแล้ว”\r\n \r\nมีชีวิตอยู่ในแบบของฉัน มีชีวิตอยู่ในแบบของเธอ มีชีวิตอยู่ในแบบของเรา\r\nเหตุผลเพียงเท่านี้ก็เพียงพอต่อการมีชีวิตอยู่แล้ว', 20, '2021-04-23 14:16:03', '2021-04-26 07:58:56'),
(6, 'Engineer Cute Boy:)', 'JitiRain', 'จุดเริ่มต้นความสัมพันธ์ของพวกเขาเกิดขึ้นที่คณะวิศวกรรมศาสตร์\r\n\r\nไม่มีใครรู้ว่ายิ่งคบนานจะยิ่งผูกพัน หรือยิ่งเห็นความไม่พอดีระหว่างกันกันแน่\r\n\r\nแต่เพราะทุกคนต้องเติบโต จึงไม่แปลกเลยที่จะมีการเปลี่ยนแปลงเกิดขึ้น\r\n\r\nจะเป็นยังไงหากวันหนึ่งคนที่แข็งกระด้างกลับอยากทำตัวมุ้งมิ้ง\r\n\r\nคนที่เงียบขรึมเป็นมนุษย์มืดมนกลับร่าเริงสดใส\r\n\r\nและคนที่เฟรนด์ลี่กับคนทั้งโลกกลับกลายเป็นเงียบเหงาเศร้าซึม\r\n\r\nทุกการเปลี่ยนแปลงเหล่านั้น ไม่ว่าดีหรือแย่ \r\n\r\nมันก็เกิดขึ้นเพียงเพราะพวกเขายัง ‘รัก’ กันอยู่ต่างหาก', 30, '2021-04-24 04:33:48', '2021-04-26 04:00:38'),
(7, 'ฮัสกี้หน้าโง่กับอาจารย์เหมียวขาวของเขา', 'โร่วเปาปู้ชือโร่ว', 'ทุกครั้งที่กวนเยวี่ยนึกถึงเรื่องราวในอดีต\r\nไม่ว่าจะเป็นตอนที่เพิ่งรับเทียนเหอมาอยู่ด้วยกันที่ลอนดอน\r\nหรือตอนที่นอนดูวาฬหัวทุยอวดโฉมเคียงข้างกันกลางมหาสมุทรอินเดีย\r\nภาพเหล่านั้นล้วนเป็นความสุขที่อัดแน่นในความทรงจำเสมอมา\r\nในขณะที่ช่วงเวลาที่เลิกรากันไปนั้น\r\nเป็นเหมือนความผิดพลาดที่กวนเยวี่ยจำฝังใจ\r\nในใจราวกับถูกทิ่มแทงด้วยเข็มพันเล่มทุกครั้งที่นึกถึง...\r\nแต่ฝันร้ายที่อยากลืมพวกนั้นผ่านพ้นไปแล้ว มันทำให้กวนเยวี่ยคิดอยู่ตลอดว่า\r\nโชคดีจริงๆ ที่วันนี้เขาได้เป่าเปากลับคืนมา', 23, '2021-04-24 06:01:29', '2021-04-26 09:39:59'),
(8, 'ภาวะรักซ้อน', 'Swanlee', 'ชีวิตของซ้อน สนันต์ ในวัย 20ปีนั้นมีแต่เรื่องดีๆ\r\nทั้งการเป็นยูทูบเบอร์มือสมัครเล่นซึ่งมีคนติดตามมากขึ้นเรื่อยๆ\r\nครอบครัวของเขาก็มีความสุขกันดี ด้านการเรียนก็ไม่ได้แย่\r\nแต่แล้วในวันดีๆ วันหนึ่งที่ซ้อนเช็กโซเชียลนู่นนี่อย่างเช่นเคย\r\nกลับพบว่าใต้ VLOG คลิปล่าสุดของตัวเองนั้นมีแต่คนพูดถึง ‘หนุ่มหล่อ 04:12’\r\nซ้อนรู้สึกคันยุบยิบในใจขึ้นมาทันใด อารมณ์ดีๆ ถูกแทนที่ด้วยความหงุดหงิด\r\nทว่านั่นไม่ใช่เพราะไม่มีใครสนใจเนื้อหาของคอนเทนต์หรอกนะ\r\nแต่เป็นเพราะซ้อนรู้สึก ‘หวง’ หนุ่มหล่อที่ว่าคนนั้นต่างหาก\r\nหวงทั้งที่ความสัมพันธ์ของพวกเขาก็เป็นแค่พี่น้อง...\r\nมันคงเป็นเพราะความสัมพันธ์นี้มีความรู้สึกที่เกินกว่าพี่น้องเข้ามาเกี่ยวข้อง', 38, '2021-04-24 06:27:37', '2021-04-26 04:00:52'),
(9, 'ฝันรักในเงาเมฆ', 'เย่ว์หลิวกวง', 'ผู้ชิงชิง เป็นพนักงานเพียงคนเดียวใน สํานักงานทนายความเหริน\r\nเซี่ยงหย่วน\r\nเธอเป็นทั้งผู้ช่วยทนายความ ฝ่ายธุรการ ฝ่ายบุคคลและแม่บ้านในเวลา\r\nเดียวกัน\r\nวันหนึ่งความฝันที่อยากรวยในชั่วข้ามคืนของหญิงสาวเกิดเป็นจริงขึ้นมา\r\nเธอไปลาออกกับ เหรินเซี่ยงหย่วน เจ้านายแสนเย็นชาและไร้หัวใจทันที\r\nแต่ชีวิตของเศรษฐีสาวคนใหม่หลังไม่ต้องทํางานกลับไม่เป็นอย่างที่คิดไว้\r\nและเพราะอะไรกัน คนที่ไม่คิดว่าจะต้องพบเจอกันอีก กลับวนเวียนอยู่ในชี\r\nวิตเธอไม่เลิกรา', 35, '2021-04-24 07:39:03', '2021-04-26 10:03:38'),
(10, 'The Drakers Story', 'กัลฐิดา', 'The Drakers Story เดรกเกอร์ สตอรี่ ในยามค่ำคืนท่ามกลางอากาศอันหนาวเหน็บของฤดูหนาวลาโคน่าตกอยู่ภายใต้แสงดาวประจำอาณาจักรที่ส่องประกายเจิดจรัสมาจากทั้ง 5 ทิศตึกรามบ้านช่องปิดสนิทแล้วเหลือไว้เพียงแสงไฟจากภายในบ้านที่สาดส่องออกมายังพื้นถนนหินรถม้าของชนชั้นสูงวิ่งผ่านถนนไปอย่างรวดเร็วทิ้งไว้เพียงเสียงเกือกม้ากระทบพื้นหินดังก้องสะท้อนจนทำให้ใครคนหนึ่งสะดุ้งตื่นขึ้น“ แม่แม่ขา” เสียงเรียกหาอย่างตกใจของเด็กหญิงตัวน้อยทำให้ผู้เป็นแม่ต้องรีบเดินเข้ามาหา', 21, '2021-04-24 07:43:25', '2021-04-26 10:12:31');

-- --------------------------------------------------------

--
-- Table structure for table `episode`
--

CREATE TABLE `episode` (
  `ed_id` int(11) NOT NULL,
  `books_id` int(11) NOT NULL,
  `story` text NOT NULL,
  `ep_name` varchar(32) NOT NULL
) ENGINE=InnoDB DEFAULT CHARSET=utf8;

--
-- Dumping data for table `episode`
--

INSERT INTO `episode` (`ed_id`, `books_id`, `story`, `ep_name`) VALUES
(1, 10, '[K] ย่อมาจาก Kirise High School โรงเรียนที่ดังและยิ่งใหญ่ที่ สุดใน อินเตอร์พาร์ก” ซึ่งเจ้าของโรงเรียนนี้คือ คิไรส์ [7\'s] ลูกชายเจ้า ของบริษัท คิไรส์ ยูไนเต็ด คอร์เปอเรชั่น บริษัทยักษ์ใหญ่ในอินเตอร์พาร์ก ซึ่งควบคุมสาธารณูปโภคทุกอย่างในเมืองนี้ เขาไม่เพียงแค่รวยเป็นอันดับ หนึ่งของเมืองนี้เท่านั้น แต่ยังรวยเป็นอันดับสามของประเทศอีกต่างหาก โรงเรียนนี้เป็นโรงเรียนสหศึกษาอินเตอร์จึงเต็มไปด้วยนักเรียนหลาย ประเภท ดังนี้\r\n60% คือ นักเรียนที่รวย แต่เป็นเด็กมีปัญหา มักจะถูกสปอยล์จน เคยตัว ซึ่งถ้าไม่ทําความผิดสถานหนัก ก็จะได้รับอภิสิทธิ์ให้ลอยหน้าลอยตา อยู่ในโรงเรียนต่อได้\r\n\r\n20% คือ นักเรียนที่รวย มีความประพฤติอยู่ในเกณฑ์ดี ส่วนมาก เป็นผู้หญิง\r\n15% คือ นักเรียนที่จน แต่มีความประพฤติอยู่ในเกณฑ์ดี เกือบทั้ง หมดเป็นนักเรียนทุน บางส่วนเท่านั้นที่ไม่ใช่นักเรียนทุน แต่ได้รับการยก เว้น ด้วยเหตุผลบางประการ\r\n5% คือ นักเรียนที่จนและแสบ แต่มีเปอร์เซ็นต์น้อยมาก เพราะนัก เรียนประเภทนี้หากกระทําความผิด ไม่ว่าต้องโทษสถานใดก็ตาม จะถูกส่ง ตัวไปที่ BS หรือ Black School โรงเรียนสําหรับเด็กมีปัญหาซึ่งก่อตั้ง โดย สภา [7\' s] เด็กเหล่านี้จะถูกควบคุมความประพฤติ และต้องมีผลการ เรียนผ่านเกณฑ์ที่ทางสภา [7\'s] ตั้งไว้เท่านั้นจึงจะสามารถออกจากโรง เรียนนี้ และย้ายกลับเข้าโรงเรียนอื่นตามปกติได้\r\n', 'คนขายน้ำเต้าหู้เกรดพรีเมี่ยม'),
(2, 10, '“แต่ฉันไม่ใช่แฟนเขานะ” ฉันรีบแก้ตัวแทนเห็นจุล ออก อาการเลิ่กลั่กระดับแปด “แล้วที่เขาโดดซ้อมก็เพราะว่า...”\r\n“ฉันไม่ได้ถามเธอ ไม่ต้องยุ่ง”\r\nจ่อยสนิท ด่าแบบสุภาพแต่อินเนอร์หยาบคาย แปลความหมายได้ ว่า “อย่าเลือก U_U\r\n“ไม่ต้องพูดมากหรอกน่า”\r\nในที่สุดเห็นจุลก็พูดขึ้น เขาจ้องหน้าเวย์ชินอย่างไม่เกรงกลัวอะไร ใดๆ ทั้งที่ตอนนี้ฉีฉันแทบราดเต็มกางเกงในแล้วเนี่ย อีตาปีศาจหมาเวลาดุน น่ากลัวชิบเป๋ง สายตาเขาเหมือนฆ่าคนได้จริงๆ เลยนะ\r\n“นายจะลงโทษอะไรฉันก็ว่ามา”\r\n', 'ป๊ะป๋าของหนูเป็นฮีโร่!'),
(3, 10, 'ฉัน “มิโซะ เด็กผู้หญิงหน้าตาธรรมดา ตัวเล็ก ตาเศร้า ผิวขาว และ รักสงบ เรียนอยู่เกรดสิบเอ็ดห้อง B มีเพื่อนสนิทเพียงคนเดียวเท่านั้น หมอ นั่นเป็นผู้ชาย อยู่เกรดสิบเอ็ดห้อง A และที่สําคัญก็คือ มัน! หล่อ! มากกก กก!! หล่อระดับที่มีด้อมแฟนคลับเป็นของตัวเองเลยแหละ ชื่อด้อม “เบ็นเท็น” ซะด้วย น่ารักไปอีกกก แต่สําหรับฉัน เท็นจุลคือเพื่อนที่ดีที่สุดใน โลกนี้เท่านั้น ไม่เคยรู้สึกอะไรมากเกินไปกว่าคําว่าเพื่อน (มั้ง?) ตัวเท็นจุลเองก็เช่นกัน เขามีคนที่ชอบอยู่แล้ว ผู้หญิงคนนั้นก็สวยและเซ็กซี่ กว่าฉันเป็นล้านเท่า ฉันไม่ใช่สเป็กของเท็นจุลเลยแม้แต่นิดเดียว T^T\r\nแต่ก็นั่นแหละนะ ด้วยความที่สนิทสนมแบบตัวติดกันจนแทบจะเข้า สิงร่างกันได้ ทําให้หลายๆ คนในโรงเรียนเข้าใจผิดว่าเราเป็นแฟนกัน โดย เฉพาะเหล่าบรรดาแฟนด้อมเบ็นเท็นของเขาน่ะ นั่นก็เลยเป็นสาเหตุที่ทําให้ ฉันถูกหมายหัว และมักจะโดนแกล้งทุกครั้งที่มีโอกาส ตั้งแต่สถานเบา ระดับเกาๆ คันๆ ไปจนถึงสถานหนัก ระดับได้แผลได้เลือด โดยที่จับมือใคร ดมไม่ได้ ไม่รู้ว่าใครเป็นคนทํา รู้เพียงแต่ว่าการใช้ชีวิตอยู่ในโรงเรียนแห่งนี้ก็ เหมือนกับการเล่นเกม Resident Evil นั่นแหละ \r\n', 'ความสัมพันธ์ร้าวฉาน'),
(4, 7, 'ตอนที่โม่หรานยังไม่ได้เป็นจอมราชัน มักมีแต่คนก่นด่าเขาเป็นสุนัข\r\nคนในหมู่บ้านด่าเขาว่าสุนัขกระจอก ญาติผู้น้องด่าเขาว่าสุนัขไร้ค่า แม่บุญธรรมของเขาร้ายกาจกว่าใคร ด่าเขาว่าไอ้ลูกสุนัข\r\nแน่นอนว่าคำบรรยายเกี่ยวกับสุนัขที่ไม่นับว่าแย่นักก็มีอยู่บ้าง อย่างเช่น บุพเพสันนิวาสชั่วครู่ชั่วยามพวกนั้นของเขามักมาพร้อมท่าทีแสร้งทำกะบึงกะบอน ตำหนิว่าแรงเอวของเขายามอยู่บนเตียงราวกับสุนัขตัวผู้บ้างล่ะ คำหวานจากปากกระชากวิญญาณคนบ้างล่ะ อาวุธร้ายที่ท่อนล่างคร่าชีวิตคนบ้างล่ะ แต่เพียงประเดี๋ยวเดียวก็ไปโอ้อวดกับคนรอบข้าง จนชาวบ้านร้านตลาดรู้กันทั่วว่าโม่เวยอวี่รูปงามมีอาวุธดุดัน ผู้ใดได้ลองเป็นต้องพึงพอใจ ผู้ไม่เคยได้ลอง จิตใจต้องหวั่นไหว\r\nต้องบอกว่าคนเหล่านี้กล่าวได้ถูกต้องนัก โม่หรานเป็นเหมือนสุนัขโง่งมที่ส่ายหัวสะบัดหางตัวหนึ่งจริงๆ\r\nจนเมื่อเขาเป็นราชันแห่งโลกบำเพ็ญเพียร คำเรียกขานพรรค์นี้ก็หายไป\r\nอยู่มาวันหนึ่ง สำนักเซียนเล็กๆ ที่อยู่ห่างไกลมอบลูกสุนัขยังไม่หย่านมให้เขาตัวหนึ่ง\r\nลูกสุนัขตัวนั้นมีสีเทาขาว บนหน้าผากของมันมีลายเปลวไฟสามแฉก ลักษณะคล้ายหมาป่าอยู่บ้าง เพียงแต่ขนาดตัวมันเท่าผลแตง หัวก็เหมือนลูกแตง อ้วนท้วนกลมดิก แต่ตัวมันกลับคิดว่าตนเองน่าเกรงขามเสียเต็มประดา วิ่งพล่านทั่วตำหนักใหญ่ หลายครั้งหลายคราพยายามปีนขึ้นบันไดสูงๆ เพื่อจะได้มองคนที่นั่งอยู่บนบัลลังก์ราชันอย่างสงบนิ่งเยือกเย็นผู้นั้นให้ชัดๆ ทว่าขาสั้นเกินไป จึงได้แต่ลงเอยด้วยความล้มเหลว\r\n', 'ถ้าไม่ใช่คนตระกูลลี่ล่ะก็อย่าหาท'),
(5, 7, 'โม่หรานจ้องเจ้าก้อนขนจอมพลังทว่าไร้สมองตัวนั้นครู่หนึ่ง ทันใดนั้นก็หัวเราะออกมา ยิ้มหัวเอ็ดเสียงเบาว่า “ไอ้สุนัขไร้ค่า”\r\nไม่นานสุนัขตัวน้อยก็โตเป็นสุนัขตัวใหญ่ สุนัขใหญ่กลายเป็นสุนัขแก่ สุนัขแก่ก็กลายเป็นสุนัขตาย\r\nโม่หรานหลับตา แล้วลืมตาขึ้นอีกครั้ง ชีวิตของเขา มีทั้งได้รับการเอาอกเอาใจและถูกหยามหยัน อยู่อย่างลุ่มๆ ดอนๆ ผ่านมาสามสิบสองปีแล้ว\r\nเขาเล่นทุกอย่างจนเบื่อแล้ว รู้สึกเบื่อหน่ายและว้าเหว่เหลือเกิน หลายปีนี้คนคุ้นหน้าคุ้นตาที่อยู่ข้างกายลดน้อยลงไปเรื่อยๆ แม้กระทั่งเจ้าไฟสามแฉกก็กลับสวรรค์ไปแล้ว เขารู้สึกว่าตนเองก็อยู่มาสมควรแก่เวลา ควรสิ้นสุดได้เสียที\r\nเขาหยิบองุ่นแวววาวอิ่มน้ำลูกหนึ่งมาจากถาดผลไม้ บรรจงลอกเปลือกสีม่วงออก\r\nท่าทางของเขาเยือกเย็นและช่ำชอง ดุจเชียงหวัง[1]เปลื้องเสื้อผ้าของสตรีนอกด่านในกระโจมด้วยกิริยาเกียจคร้าน เนื้อผลไม้เป็นประกายไหวระริกอยู่ที่ปลายนิ้วเขา น้ำผลไม้ซึมเลอะเป็นสีม่วงจางๆ ดั่งห่านป่าคาบแสงตะวันรอน ดั่งไห่ถัง[2]หลับไหลในวสันตฤดู\r\nทั้งยังเหมือนโลหิตโสมม\r\nเขากลืนรสชาติหวานเลี่ยนในปาก พลางพิจารณานิ้วมือตนเอง จากนั้นก็ปรือตาอย่างเกียจคร้าน\r\nเขาคิดว่า…สมควรแก่เวลาเสียที\r\nข้าเองก็ควรลงนรกแล้วเช่นกัน\r\nโม่หราน นามรองเวยอวี่\r\nปฐมราชันแห่งโลกบำเพ็ญเพียร\r\nกว่าจะมานั่งอยู่ในตำแหน่งนี้ได้ไม่ง่ายเลย ไม่เพียงต้องมีอาคมล้ำเลิศ ยังต้องมีหนังหน้าหนาแข็งแกร่งดุจหินผา\r\n', 'คุณชายใหญ่ตระกูลลี่ ลี่จิน'),
(6, 7, 'ก่อนหน้าเขา สิบสำนักใหญ่แห่งโลกบำเพ็ญเพียรมีอำนาจทัดเทียมกัน ดั่งมังกรขนดพยัคฆ์หมอบ ต่างถ่วงดุลกัน ไม่มีฝ่ายใดใช้กำลังของตนเพียงผู้เดียวพลิกฟ้าพลิกแผ่นดินได้ ยิ่งกว่านั้น ประมุขทุกสำนักล้วนโดดเด่นเป็นเจ้าตำรับตำรา แม้อยากแต่งตั้งสถานะให้ตนเองเล่นๆ สักหน่อย ก็หวั่นเกรงปลายพู่กันของผู้บันทึกประวัติศาสตร์ กลัวว่าจะต้องแบกรับความอัปยศนับพันปี\r\nแต่โม่หรานไม่เหมือนกัน\r\nเขาคือจอมอันธพาล\r\nเรื่องที่คนอื่นไม่กล้าทำ เขาล้วนทำมาแล้วทั้งสิ้น ดื่มสุรารสร้อนแรงที่สุดของโลกมนุษย์ แต่งสตรีงามที่สุดในใต้หล้า กลายเป็น “ท่าเซียนจวิน” ราชันเหยียบเซียนแห่งโลกบำเพ็ญเพียร ก่อนจะตั้งตนเป็นจอมราชัน\r\nหมื่นพสกศิโรราบ\r\nผู้ที่ไม่ยอมคุกเข่าล้วนถูกเขาสังหารสิ้น หลายปีที่เขาปกครองใต้หล้า โลกบำเพ็ญเพียรเรียกได้ว่าโลหิตไหลนองเป็นสายน้ำ ภัยพิบัติแผ่คลุมทุกหย่อมหญ้า ผู้ผดุงคุณธรรมนับไม่ถ้วนล้วนทอดอาลัยมุ่งสู่อาสัญ สำนักหรูเฟิงหนึ่งในสิบสำนักใหญ่ยังถูกฆ่าล้างสำนัก\r\nต่อมา แม้กระทั่งอาจารย์ที่ถ่ายทอดวิชาให้โม่หรานก็หนีไม่พ้นกรงเล็บปีศาจเช่นกัน เขาพ่ายแพ้ในการประลองชี้ชะตากับโม่หราน ถูกศิษย์รักในวันวานนำตัวกลับไปกักบริเวณอยู่ในตำหนัก ไม่มีผู้ใดรู้ข่าวคราวของเขาอีก\r\nแผ่นดินกว้างใหญ่ที่เดิมสงบสุขพลันตกอยู่ในความมืดมนอนธการ\r\nราชาสุนัขโม่หรานเล่าเรียนตำราเพียงไม่กี่วัน ทั้งยังเป็นคนที่ทำสิ่งใดไร้ขีดยับยั้ง ดังนั้นช่วงที่เขากุมอำนาจ จึงปรากฏเรื่องเหลวไหลไม่สิ้นสุด อย่างเช่นเรื่องการกำหนดรัชศก\r\nสามปีแรกที่เขาเป็นราชา รัชศก “หวังปา”[3] เป็นชื่อที่เขาคิดได้ขณะให้อาหารปลาอยู่ริมสระ\r\nสามปีที่สอง รัชศก “กวา”[4] เพราะเขาได้ยินเสียงกบร้องอยู่ในลานเรือนช่วงคิมหันต์ จึงปักอกปักใจว่านี่คือแรงบันดาลใจที่ฟ้าประทานมา จะทำให้เสียความตั้งใจของสวรรค์ไม่ได้\r\nปัญญาชนในหมู่ชาวบ้านเคยคิดว่าคงไม่มีรัชศกใดน่ารันทดเกินรับได้ไปกว่า “หวังปา” และ “กวา” แล้ว แต่สุดท้ายพวกเขายังคงไม่รู้อะไรเกี่ยวกับโม่เวยอวี่สักอย่าง\r\nช่วงสามปีที่สาม ในพื้นที่เริ่มมีการเคลื่อนไหว ไม่ว่าจะฝ่ายพุทธะ ฝ่ายเต๋า หรือว่าผู้ฝึกจิตวิญญาณ เหล่าผู้ผดุงคุณธรรมในยุทธภพที่ไม่อาจทนต่อความโหดเหี้ยมอำมหิตของโม่หรานได้ต่างเริ่มลุกฮือขึ้นต่อต้านไม่หยุดหย่อน\r\nดังนั้นครั้งนี้โม่หรานจึงคิดใคร่ครวญอย่างจริงจังอยู่ครึ่งค่อนวัน หลังจากร่างชื่อนับไม่ถ้วน ชื่อรัชศกที่สะท้านฟ้าสะเทือนดินจนเทพผีร่ำไห้ก็ถือกำเนิดขึ้น…“จี่ป้า”\r\nความหมายนั้นประเสริฐยิ่ง สองอักษรที่ปฐมราชันเค้นสมองคิดออกมา หมายให้สื่อถึง “การยุติสงคราม” เพียงแต่ยามชาวบ้านเอ่ยชื่อรัชศกขึ้นมาก็ดูกระดากปากอย่างเห็นได้ชัด\r\nโดยเฉพาะคนไม่รู้หนังสือ ฟังแล้วยิ่งอิหลักอิเหลื่อ\r\nปีแรกเรียก “จี่ป้าปีที่หนึ่ง” ฟังอย่างไรก็เหมือน “จีปา”[5] ปีที่หนึ่ง\r\nปีที่สองเรียก “จีปาปีที่สอง”\r\nไปจนถึง “จีปาปีที่สาม”\r\n', 'เริ่มงานเลี้ยง'),
(9, 4, ' แด่ทุกสิ่งทุกอย่างของฉันที่ฉันจดจำ เป็นหนังสือดี ๆอีกหนึ่งเล่มในลิสต์ #แจบอมอ่าน ที่คุณ Twoego ได้ส่งผ่านคำปลอบโยนให้กับผู้คนหลากหลายรูปแบบ ทั้งคนที่กำลังท้อแท้ หมดกำลังใจ คนที่กำลังเจ็บปวด คนที่กำลังรู้สึกว่าอยู่ตัวคนเดียวบนโลกนี้ หรือแม้กระทั่งคนที่ไร้ซึ่งความรู้สึกกับทุกสรรพสิ่ง ทุกคำปลอบโยนของเขาจะรวมอยู่ในรูปแบบ essay สั้น ๆ โดยที่คุณ Twoego หวังว่าตัวหนังสือเหล่านี้จะสามารถปลอบโยนหัวใจของคนอื่นและตัวเขาเองได้\r\n\r\n       แด่ทุกสิ่งทุกอย่างของฉันที่ฉันจดจำ เป็นหนังสือที่ใช้คำพูดไม่ซับซ้อน แต่เป็นคำธรรมดาแต่สามารถทำให้เราอ่านแล้วคิดตามได้อย่างซ้ำซ้อน ขณะที่อ่าน เราจะรู้สึกว่ากำลังอ่านไดอารี่ของคุณ Twoego มากกว่าการอ่านหนังสือ หรืออ่านงานเขียน \r\n\r\n       ระหว่างที่หยิบหนังสือเล่มนี้ขึ้นมาอ่านคั่นเวลา แม้จะเป็นเพียงช่วงสั้น ๆ ที่ได้ใช้เวลาอยู่กับมัน แต่หนังสือเล่มนี้ก็สามารถดึงดูดให้เราอินและคิดตามไปกับคำปลอบโยนที่คุณ Twoego จะสื่อผ่านตัวอักษรเหล่านั้นได้อย่างน่าประหลาดใจ หลาย ๆ หน้าที่อ่านจบแล้วหยุดคิดตามตัวอักษรที่เพิ่งผ่านตาไป แล้วก็รู้สึกว่า เออ มันก็จริงแฮะ\r\n\r\n       หากจะเริ่มต้นการอ่านหนังสือสักเล่ม ขอแนะนำว่าเล่มนี้เหมาะที่จะเลือกซื้อเป็นหนังสือเล่มแรกเพื่ออ่านนอกเวลา หรืออ่านคั่นเวลาได้สบาย ๆ  : ) ⋆︎*', 'คิดถึงใครบางคนในคืนนั้น'),
(10, 6, 'เปรี๊ยะ! เปรี๊ยะ! เปรี๊ยะ! ผลัวะ! อะไรบางอย่างกำลังขยับตัวและถีบเปลือกไข่ออกมา อะไรบางอย่างที่มีขนสั้นสีทองอร่าม มีสี่ขา และเล็บของมันเปล่งประกายอย่างกับเพชรน้ำดี และเมื่อเปลือกไข่ชิ้นบนสุดถูกสลัดออกโดยหัวของเจ้าตัวปริศนา แอมมี่ก็เห็นปีกสีทองขนาดเล็กจิ่วกระพือ นี่มัน... เจ้าสัตว์ตัวน้อยยกขาหน้าตีเปลือกไข่ที่ห่อหุ้มส่วนล่างของมันแล้วขยับตัวให้พ้นจากเปลือก แต่มันก้าวพ้นออกมาได้ไม่ไกลนักก็เซล้มลงจนก้นจ้ำเบ้า มันยกขาหน้าขึ้นขยี้เปลือกตาด้วยท่าทางงัวเงีย แต่ไม่นานก็เหลือบขึ้นสบตากับแอมมี่ เด็กสาวทรุดลงไปนั่งกองกับพื้นและกรีดร้องกับตัวเองในใจว่า ลูกมังกร!', 'ตกกระไดหัวใจพลอยโจร'),
(11, 8, 'เมฆดำก่อตัวหนาอยู่ภายนอกอาคารผู้โดยสารขาออก เสียงฟ้าร้องฟ้าผ่าดังเข้ามาภายใน เสียงฝนกระทบหน้าต่างกระจกของตัวอาคารฟังดูเหมือนเสียงกลองชัยที่ดังในสนามรบ นกเหล็กที่ได้ชื่อว่าเป็นสิ่งก้าวล้ำของโลกสามารถทนแดดทนฝน แต่ไม่อาจต้านทานอารมณ์หงุดหงิดที่กำลังขยายตัวเสียอย่างนั้น\r\n“ล่าช้า ล่าช้า ล่าช้าอีกแล้ว สิบครั้งต้องมีแปดครั้งสินะที่บอกว่าเครื่องล่าช้า! นี่เวลาไหนกันแล้ว เดี๋ยวก็เปลี่ยนเวลาขึ้นเครื่องไปมา ตกลงว่าจะได้บินตอนไหนกันแน่ ถ้าบินไม่ได้ก็ยกเลิกไปตั้งแต่แรกสิ อย่าให้พวกเรามานั่งรอโง่ๆ แบบนี้”\r\n“จะมาอ้างเรื่องสภาพอากาศแล้วไม่จ่ายเงินชดเชยอย่างนั้นเหรอ ครั้งก่อนฉันยังได้อยู่เลย รถกับโรงแรมอะไรฉันก็จองไว้หมดแล้ว แล้วค่าเสียหายพวกนี้ใครจะรับผิดชอบ จ่ายค่าชดเชยมา!”\r\n“ใช่ จ่ายค่าชดเชย! จ่ายมา!”\r\n“ขอร้องละ ช่วยหาวิธีหน่อยได้ไหม ตอนนี้พ่อฉันอยู่โรงพยาบาล บางทีนี่อาจจะเป็นครั้งสุดท้ายที่…”\r\nพนักงานรูปร่างผอมบางถูกผู้โดยสารที่กำลังเร่งรีบและโกรธเกรี้ยวยืนล้อมไว้ที่หน้าเคาน์เตอร์ประตูผู้โดยสารขาออก พนักงานได้รับการฝึกฝนมาเป็นพิเศษ ไม่ว่าผู้โดยสารจะพูดอย่างไร เธอก็ยังรักษารอยยิ้มของอาชีพบริการไว้ได้เป็นอย่างดี หรือถ้าถูกกดดันจริงๆ ก็จะพูดเพียงว่า “ท่านสามารถขอคืนตั๋วหรือเปลี่ยนเที่ยวบินได้ ท่านสามารถโทร.ร้องเรียน ท่านสามารถฟ้องร้อง…”\r\nทันใดนั้นเอง ไม่รู้ว่าใครเอาแก้วเครื่องดื่มสาดลงบนศีรษะของพนักงานคนนั้น ของเหลวสีน้ำตาลไหลรินลงมาตามแก้มจนเธอเปียกไปหมดทั้งตัว เห็นชัดๆ ว่าเธอเกือบจะร้องไห้ออกมาแล้ว แต่ยังพยายามรักษารอยยิ้มที่พึงมีไว้ “ด้วยเพราะสภาพภูมิอากาศ พวกเราเองก็ไม่มีวิธี…”\r\nเดิมทีก็ไม่มีใครสนใจจะฟังอยู่แล้วว่าเธอพูดอะไร เมื่อคนอื่นๆ เห็นว่ามีคนสาดเครื่องดื่มใส่ ก็พากันขว้างปาสิ่งของที่อยู่ในมือตามไปด้วย คนที่ไม่มีก็หยิบเอาป้ายที่วางอยู่บนเคาน์เตอร์บริการโยนใส่ พนักงานไม่สามารถตอบโต้ได้ จึงได้แต่ก้าวถอยหลังถี่ๆ เท่านั้น เหล่าผู้โดยสารคิดว่าเธอจะหนี จึงรีบเข้าไปล้อมไว้ที่ด้านหลังทันที\r\nเมื่อรู้สึกว่าการปาสิ่งของยังไม่สาแก่ใจ บางคนจึงกวาดเครื่องคอมพิวเตอร์บนเคาน์เตอร์บริการลงพื้น ก่อนกระโดดขึ้นไปบนนั้นแล้วตะโกนให้หัวหน้าของบริษัทสายการบินออกมาพบเขา ส่วนคนอื่นๆ ก็พากันร้องตะโกนเสียงดังขึ้นสำทับ\r\nพนักงานพูดด้วยความจนใจว่า “หากพวกคุณยังทำอย่างนี้อีก ดิฉันคงต้องแจ้งตำรวจแล้วนะคะ”\r\nผู้โดยสารคนนั้นกลับรู้สึกว่าตัวเองกำลังถูกข่มขู่ “แจ้งตำรวจเหรอ พวกคุณยังมีหน้าไปแจ้งตำรวจอีกเหรอ เอาเลยสิ ให้ตำรวจมาจับฉันไปเลย!', 'แม่นางผู้นี้จัดการไม่ง่าย'),
(12, 9, 'เสียงกระหึ่มจากกองเชียร์ราวห้าหมื่นคนดังแข่งกับเสียงเพลง Rolling in the Deep ของ Adele เป็นจังหวะประกอบการเดินในทุกฝีก้าวของชายร่างสูงร้อยแปดสิบห้าเซนติเมตรในเรซซิ่งสูทสีแดง เขาเดินฝ่าฝูงชนและกล้องบันทึกภาพหลายตัวตรงไปยังเวทีในพื้นที่ของสนามช้าง อินเตอร์เนชั่นแนล เซอร์กิตพร้อมกับกลุ่มคนในชุดสีเดียวกันราวห้าหกคน เสียงเฮดังขึ้นอีกครั้งเมื่อชายผู้นั้นถอดหมวกแล้วโบกไปมา ส่งยิ้มกว้างจนบรรดาสาวๆ บนแกรนด์สแตนด์พากันเปล่งเสียงกรี๊ดจนกล่องเสียงแทบแตก ใบหน้าหล่อเหลากระตุกคิ้วเข้มขึ้นสองครั้งอย่างผู้ที่เคยชินกับการชื่นชมในลักษณะนี้เสียแล้ว\r\n“แชมเปี้ยนรายการแข่งขันไทยแลนด์ซูเปอร์คาร์ประจำปีสองพันสิบแปด ภาติวัติ ปรมัติ!”\r\nผู้บรรยายกลางประกาศชื่อผู้คว้าถ้วยรางวัลชนะเลิศในรายการแข่งขันไทยแลนด์แชมเปี้ยนชิปคาร์สองพันสิบแปด ผู้ชมในสนามพร้อมใจกันลุกขึ้นยืนปรบมือเกรียวกราว\r\nนาทีนั้นภาพเคลื่อนไหวกลับช้าลงเหมือนภาพสโลว์ หลายสิบชีวิตที่ยืนเบียดเสียดกันบนเวทีกลายเป็นเพียงแค่ฉากหลังเมื่อเจ้าของร่างสูงหันไปคว้าถ้วยรางวัลแล้วชูขึ้น เปเปอร์ชู้ตระเบิดออกก่อนจะลอยละลิ่วคว้างกลางอากาศ เสียงตะโกนจากผู้ชมดังก้องขึ้นซ้ำๆ\r\n“ภาติวัติ! ภาติวัติ! ภาติวัติ!”\r\nภาติวัติส่งถ้วยรางวัลให้คนในทีมเมื่อมีใครบางคนยื่นขวดแชมเปญใบใหญ่ให้เขา คว้าขวดแชมเปญได้ก็เขย่าสุดแรงก่อนเปิดจุกไม้ก๊อกออก\r\nฟู่!\r\nฟองของแชมเปญล้นทะลักออกมาจากขวดทรงกลมใบใหญ่พร้อมๆ กับควันสีขาวชุดใหญ่พวยพุ่งจากเครื่องพ่นด้านข้างเวที เขาเขย่ามันแรงขึ้นเพื่อให้ฟองแอลกอฮอล์ชั้นดีพุ่งไปไกลถึงคนด้านล่าง ในขณะที่คนในทีมของเขาชูถ้วยขึ้นแล้วพากันกระโดดโลดเต้นด้วยความดีใจ กระนั้นดวงตากลมโตของหญิงสาวผู้นั่งกลมกลืนอยู่บนแกรนด์สแตนด์ฝั่งบัตรแพงที่สุดก็ไม่อาจละสายตาจากใบหน้าของผู้ที่ถือขวดแชมเปญนั้นได้เลย\r\nเขาสะกดเธอได้อยู่หมัดโดยไม่ต้องทำอะไรแม้แต่นิด', 'ตะวันเป็นแฟนผม'),
(13, 4, 'นักบวชเฒ่าที่พยายามไกล่เกลี่ยเมื่อครู่ก็โน้มน้าว “คุณชายเซวียอย่าได้ใจร้อน เรามาถึงเชิงเขาแล้ว ระวังสักหน่อยย่อมดีกว่า ถึงอย่างไรโม่เวยอวี่ก็ติดอยู่ในตำหนัก ไม่อาจลงเขามาได้ เวลานี้เขาเหมือนเกาทัณฑ์แผ่วปลาย ไม่มีพิษสงใดอีก ไยพวกเราจะต้องผลีผลามกระทำการยามนี้ เชิงเขามีคนมากมาย ที่เป็นทายาทผู้สูงส่งก็ตั้งมาก หากต้องมาจบชีวิตลง ผู้ใดจะรับผิดชอบเล่า”\r\nเซวียเหมิงเสียงเกรี้ยว “รับผิดชอบ? เช่นนั้นข้าขอถามท่าน ผู้ใดรับผิดชอบชีวิตของอาจารย์ข้าได้บ้าง โม่หรานกักตัวอาจารย์ข้ามาสิบปี! สิบปีเต็มๆ! เวลานี้อาจารย์ข้าอยู่บนเขานี้ จะให้ข้ารอต่อไปได้อย่างไร”\r\nได้ยินเซวียเหมิงเอ่ยถึงอาจารย์ ทุกคนก็ประคองสีหน้าไว้ไม่อยู่\r\nบ้างมีท่าทีละอาย บ้างเหลือบซ้ายแลขวา อึกอักพูดไม่ออก\r\n“สิบปีก่อน โม่หรานตั้งตนเป็นท่าเซียนจวิน ไม่เพียงล้างเจ็ดสิบสองเมืองของสำนักหรูเฟิง ยังกำจัดเก้าสำนักใหญ่ที่เหลือ ต่อมาก็ประกาศตนเป็นจอมราชัน หมายสังหารพวกท่านให้หมดสิ้น วิบัติทั้งสองครานี้ สุดท้ายเป็นผู้ใดที่ขัดขวางเขา หากมิใช่อาจารย์ข้าเสี่ยงชีวิตปกป้อง พวกท่านจะยังอยู่รอด ซ้ำยังมายืนพูดคุยตรงหน้าข้าได้อีกหรือ”\r\nสุดท้ายมีคนกระแอมแห้งๆ สองที เอ่ยเสียงอ่อนโยน “คุณชายเซวีย ท่านระงับโทสะก่อน เรื่องของปรมาจารย์ฉู่ พวกเรา…ล้วนละอายใจนัก ทั้งรู้สึกซาบซึ้งใจ แต่ก็ดังที่ท่านว่า เขาถูกกักตัวมาสิบปีแล้ว หากเกิดเหตุอันใด ก็คง…ฉะนั้น ท่านก็รอมาแล้วสิบปี ยามนี้จึงไม่ควรใจร้อนแม้สักครึ่งขณะ ท่านว่าถูกหรือไม่”\r\n“ถูก? ถูกมารดาเจ้าสิ!”\r\nคนผู้นั้นเบิกตากว้าง “ท่านด่าคนเช่นนี้ได้อย่างไร”\r\n“เหตุใดข้าจะด่าไม่ได้ อาจารย์ไม่ห่วงความตาย เพื่อที่จะช่วยพวกท่าน…พวกคน…”\r\nเขากล่าวต่อไม่ออก คำพูดจุกอยู่ในลำคอ “ข้ารู้สึกแทนอาจารย์ว่ามันช่างไม่ควรค่า”\r\nพูดถึงตอนท้าย เซวียเหมิงพลันเบือนหน้าไป ไหล่สั่นสะท้านเล็กน้อย พยายามข่มกลั้นน้ำตาเอาไว้\r\n“เราก็มิได้พูดว่าจะไม่ช่วยปรมาจารย์ฉู่…”\r\n“นั่นน่ะสิ ในใจทุกคนล้วนจดจำความดีของปรมาจารย์ฉู่ไม่เคยลืมเลือน คุณชายเซวีย ท่านกล่าวเช่นนี้เท่ากับปรักปรำว่าทุกคนเนรคุณ ใครจะรับได้เล่า”\r\n“แต่จะว่าไป โม่หรานเองก็เป็นศิษย์ของปรมาจารย์ฉู่มิใช่หรือ” มีคนเอ่ยเสียงเบา “ข้าว่านะ ความจริงศิษย์ทำเรื่องชั่วช้า เขาเป็นอาจารย์ ก็สมควรต้องรับผิดชอบ ดังคำว่าไม่สั่งสอนบุตรคือความผิดของบิดา ไม่กวดขันศิษย์คือความเกียจคร้านของอาจารย์ เดิมนี่ก็เป็นเรื่องที่เข้าใจได้ ยังต้องมาคร่ำครวญอะไรอีกเล่า”\r\nวาจานี้ออกจะจาบจ้วงอยู่บ้าง มีคนเอ่ยปรามทันที “พูดเหลวไหลอะไร! ระวังปากเจ้าให้ดี!”', 'สูญเสีย'),
(14, 4, '“หนีทหารไม่ดีนะ” หญิงสาวนั่งขัดสมาธิลงบนเสื่อ\r\n“ไม่ได้หนี แต่ประชุมเสร็จเร็วต่างหาก” เขาหัวเราะร่วน ร่างสูงเพรียวเลื่อนตัวไปนั่งบนเสื่อตามคนมาใหม่\r\n“แล้วณิไปเที่ยวไหนมาล่ะ อุตส่าห์เลิกงานมาแต่บ่าย คนในบ้านบอกว่าออกไปแต่เช้า”\r\n“ไปรายงานตัวกับ บ.ก. บอกกล่าวว่าจะมาอยู่เมืองไทยสักพัก แล้วไปตกลงกับเขาว่าจะร่ายหนังสือออกมาสักเล่มที่เกี่ยวกับอยุธยา แต่ธีมจะเป็นแบบไหนก็จะมาว่ากันอีกที เขาอยากให้เป็นนิยายกึ่งสารคดี สองภาษา”\r\n“ทำไมต้อง…อยุธยา”\r\n“ไม่รู้สิ…บ.ก. เค้าคิดขึ้นมาเอง เราแค่สนองตอบ คงเห็นว่าเราไปเที่ยวมาหลายที่ เรื่องแหล่งอารยธรรมเก่าๆ อย่าง ไทกริส ยูเฟรติส เมโสโปเตเมีย รึ…อียิปต์ก็เขียนส่งมาให้เค้าหลายเรื่องแล้ว แต่ยังไม่เคยเขียนอะไรที่เกี่ยวกับบ้านเกิดเลยกระมัง ถ้าอยู่นานไปอีกหน่อยก็อาจจะเป็นสุโขทัย บ้านเชียง…แหม…ยิ่งพูดก็ยิ่งเริ่มอยากรู้เรื่องสยามประเทศขึ้นมาแล้วนี่” คนพูดยักไหล่พลางก้มมองดูหนังสือที่วางอยู่ข้างตัวของชายหนุ่ม\r\n“ว่าแต่ อะไรนี่ อ่านหนังสือพวกนี้ด้วยหรือ… ขอดูหน่อยนะ ‘ไทม์ไลน์’ แหม…ดูเป็นวิทยาศาสตร์จัง” ชื่อของหนังสือสะดุดตาจนต้องถือวิสาสะหยิบขึ้นมาดู\r\n“อ้อ… วันก่อนไปประชุมแล้วหยิบติดมือมา ณิจะเอาไปอ่านก็ได้นะ กว่าจะเอาไปคืนเจ้าของคงอีกสักพัก”\r\nณิรชายิ้มน้อยๆ สะกิดใจเล็กๆ เพราะแน่ใจว่า ‘เจ้าของ’ คงเป็นรุ่นพี่ที่เคยได้ฟังมา หญิงสาวหยิบหนังสือมาพลิกดู ตัวอักษรและเนื้อหาเป็นลักษณะของบทความไม่ใช่นวนิยาย ซึ่งไม่แปลกเพราะพันรบไม่ชอบอ่านนวนิยายอยู่แล้ว หนังสือเขียนโดย ‘ด็อกเตอร์ภากร รังคชล’', 'คนที่คุณก็รู้ว่าใคร'),
(15, 9, 'นิดานุชหันกลับมามองภาพที่สนามแข่งอีกครั้ง ใบหน้าหล่อเหลาของภาติวัติปรากฏชัดขึ้นในสายตาอีกครั้งในทันที ราวกับว่าแสงสว่างตามเขาไปทุกที่ เขานั่นเองที่ทำให้สนามแห่งนี้เต็มไปด้วยสาวๆ ไม่ใช่แค่เพราะความหล่อ แต่ทุกท่วงท่าการเดิน ทุกการเคลื่อนไหวของร่างกายสูงใหญ่นั้นมากล้นไปด้วยเสน่ห์ชวนลุ่มหลง และที่สำคัญไปกว่านั้น เขารวยโคตรๆ สวรรค์ปั้นแต่งด้วยความลำเอียงเกินไปไหมที่มอบความเพอร์เฟ็กต์ให้เขามากขนาดนี้ อย่างน้อยก็น่าจะแบ่งให้คนอื่นๆ บ้าง\r\nการฉลองชัยชนะของทีม ‘ไบรต์ไลต์เรซซิ่งทีม’ กินเวลายาวนานกว่ายี่สิบนาที นิดานุชตาพร่าเลือนเพราะเอาแต่จับจ้องเจ้าของแชมป์ประจำปีผ่านแสงแดดจ้า กระทั่งกลุ่มคนบนเวทีเริ่มเคลื่อนไหวลงจากเวที บนแกรนด์สแตนด์ก็เริ่มขยับตาม\r\n“เฮ้ย! เขากำลังจะไปแล้ว”\r\nนิดานุชรีบลุกขึ้นเดินตามสาวๆ ที่พากันกรูไปยังประตูทางออกเพื่อดักรอขอถ่ายรูปกับนักแข่งรถหนุ่ม ร่างเล็กของหญิงสาววัยยี่สิบสามปีเกือบแหลกละเอียดเพราะการเบียดเสียดเพื่อเดินขึ้นไปข้างหน้าให้มากที่สุด\r\nผู้หญิงพวกนี้มันอะไรกันวะ เอาเวลามาตามผู้ชายกันอยู่ได้ ไม่รู้จักทำงานทำการบ้างเลยหรืออย่างไร อย่างน้อยก็น่าจะเห็นใจคนที่เขาต้องทำงานบ้าง \r\n“กรี๊ด! กรี๊ด! อ๊าย กรี๊ด!”\r\nพระเจ้า…เธอหูจะแตกอยู่แล้ว \r\n“ภาคคะ! ทางนี้ค่ะ ภาค!”\r\n“ขอถ่ายรูปหน่อยค่ะ!”\r\n“หันมาทางนี้หน่อยค่ะ!”\r\n“กล้องนี้ด้วยค่ะ!”\r\nภาติวัติยืนส่งยิ้มทางนั้นทีทางนี้ทีอย่างทั่วถึง เขาช่างโปรยเสน่ห์ได้ทุกวินาทีจริงๆ นี่ไม่รู้ว่าเธอเผลอหวั่นไหวไปกับเขาบ้างหรือเปล่านะนี่', 'ความจริงที่ต้องยอมรับ'),
(16, 9, 'นักแข่งรถรูปหล่อยืนเคียงข้างกับสองเรซควีนสาวสวยในชุดสีเดียวกันเพียงแต่ชุดของพวกหล่อนนั้นไม่รู้ว่าผ้าหดลงไปหรืออย่างไร นิดานุชคิดพลางเหลือบมองเสื้อเกาะอก กางเกงขาสั้นแค่คืบ และรองเท้าบูตสูงปรี๊ดของพวกหล่อน แม้จะวาบหวิวเพียงนั้นแต่พวกหล่อนก็ยังผลัดกันโพสท่าด้วยความมั่นอกมั่นใจอย่างน่าทึ่ง\r\nนิดานุชละความสนใจจากสองสาวมามองนักแข่งรถผู้ถือถ้วยรางวัลอยู่ในขณะนี้ ตอนมองจากที่ไกลๆ เธอเห็นตราสัญลักษณ์รูปหอยของน้ำมันเครื่องยี่ห้อหนึ่งเด่นหรา พอเข้ามาดูใกล้ๆ ถึงได้รู้ว่าบนชุดของเขายังปักโลโก้ของรถยนต์ที่เขาขับตอนลงแข่ง และมีสัญลักษณ์ของสินค้าหลายยี่ห้อทั่วทั้งชุด\r\nเธอต้องสังเกตให้ดีและจดทุกอย่างเพื่อให้ได้ข้อมูลที่สมบูรณ์ \r\nนิดานุชถือสมุดจดกับปากกายืนเบียดเสียดกับคนอื่นเพื่อเข้าไปให้ใกล้ตัวเขามากที่สุด เธอใช้ความได้เปรียบที่ตัวเธอเล็กมุดจนได้มายืนอยู่หน้าเชือกกั้น ทว่ายังไม่ทันได้จรดปลายปากกาลงบนกระดาษ สิ่งไม่คาดฝันก็เกิดขึ้น\r\nพลั่ก\r\nแรงกระแทกจากด้านหลังทำให้คนที่ไม่ทันได้ระวังหัวคะมำไปด้านหน้า ภาพสุดท้ายที่เห็นคือเธอกำลังจะปะทะเข้ากับร่างสูงของชายผู้ถือถ้วยรางวัลใบใหญ่โดยไม่มีทางเลี่ยง\r\nตายล่ะ! เขาจะรับตัวเธอไว้เหมือนในหนังรักโรแมนติกหรือ นี่เธอกำลังจะได้ซบอกนักแข่งรถที่รูปหล่อและเก่งที่สุดในประเทศ\r\nตุ้บ!\r\nศีรษะเธอกระแทกเข้ากับอะไรบางอย่างก่อนร่างจะร่วงลงสู่พื้นปูนเย็นเฉียบ คนที่เธอคาดหวังว่าเขาจะสละแขนข้างซ้ายมารับตัวเธอกลับยืนมองเหตุการณ์ด้วยแววตาตื่นตะลึง\r\n“โอ๊ย!”\r\nสะโพกข้างซ้ายกระแทกลงกับพื้น แต่นาทีนั้นนิดานุชกลับรู้สึกเจ็บที่ศีรษะมากกว่า เธอใช้แขนสองข้างยันตัวเองไว้ก่อนค่อยๆ เงยหน้าขึ้น สิ่งแรกที่เห็นคือแววตาของภาติวัติ เขามองเธอด้วยความฉงนปนเปตกใจเล็กน้อย', 'ข้าจะดูแลพี่สาวเอง'),
(17, 6, 'การใช้เวลาฟังเพลงและผ่อนคลายอยู่ในห้องเพียงลำพังนั้น หากพูดกันตามตรง ผมว่านั่นไม่ใช่ความโดดเดี่ยว เสียงเพลงจะทำให้ตัวเราไหลไปตามท่วงทำนองของมัน มากกว่านั้นยังทำให้ไม่ได้ครุ่นคิดถึงสิ่งอื่นใด ลักษณะเช่นนี้ คือความสุขสบาย และเป็นพฤติกรรมเชิงรับ จากงานวิจัยสาขาประสาทวิทยาศาสตร์ในปัจจุบันนี้กล่าวว่า ตอนที่กำลังฟังเพลงอยู่นั้นสมองแทบจะไม่ได้ทำงานเลย\r\nกล่าวคือ ข้อเสนอของผมไม่ได้จะบอกให้ทุกคนพยายามใช้เวลาไปกับการผ่อนคลายคนเดียว หรือให้พยายามเยียวยาตัวเองลำพังแต่ผมอยากให้ทุกคนพยายามหาเวลาที่ตัวเองจะได้หันหน้าเข้าหาตนเอง และได้พัฒนาความสามารถของตัวเองให้ดียิ่งขึ้น ช่วงเวลาสั้น ๆ ของกิจกรรมทางปัญญาที่ทำให้สมองตื่นตัวและทำงานต่างหาก คือความโดดเดี่ยวที่ทุกคนควรจะมี ความโดดเดี่ยวเช่นนี้จำเป็นต้องใช้พลังงานพ่วงมาด้วยความเคร่งคัด และอารมณ์อันมัวหมองคือวิธีการที่ดีที่สุด แม้ว่าจะทำสิ่งต่าง ๆ อย่างสดใสเพียงลำพังได้ แต่ไม่ว่าอย่างไรเสีย ความมืดมนมัวหมองต่างมีพลังของมันอยู่\r\nหากเป็นไปได้ ผมจึงอยากให้ทุกคนได้เรียนรู้ความโดดเดี่ยวที่จะสะสมมากขึ้นยิ่งไปในช่วงเวลาที่ยังหนุ่มสาวและยังมีพละกำลังอยู่ หากเราเอาแต่ถือเพียงแค่ความสนุกสนานที่ได้คุยเสียงดังครึกครื้นกับผองเพื่อน ไปคาราโอเกะต่าง ๆ ติดตัวไป เราจะไม่มีทางเติบโตได้เลย\r\nเราจะต้องขัดเกลาตนเองอย่างเคร่งคัด เดิมพันแพ้ชนะ และตอนนั้นตัวเราจะเดินไปข้างหน้าและโดดเดี่ยว ซึ่งสิ่งนี้ถือเป็นวิถีทางแห่งความโดดเดี่ยวที่พึงมี\r\nในหนังสือเล่มนี้ผมจะพูดถึงเกี่ยวกับกลวิธีของความโดดเดี่ยวโดยจะพิจารณาจากหลาย ๆ แง่มุม หากสามารถอยู่ร่วมกับความโดดเดี่ยวนั้นได้อย่างชำนาญแล้วล่ะ ช่วงเวลาสั้น ๆ นั้นจะกลับกลายเป็นสิ่งสร้างสรรค์อย่างล้นหลาม', 'อบอุ่นใจ'),
(18, 6, 'ช่วงเวลาอันโดดเดี่ยวของผม\r\nเมื่อปี 2005 ผมได้ออกหนังสือไปมากกว่า 30 เล่ม นอกจากนี้ยังมีงานวิทยากร งานสอน งานเกี่ยวกับสื่อบันเทิง และงานบรรณาธิการงานเขียน ผมทำงานจนตัวเองก็ไม่เข้าใจเหตุผลด้วยเหมือนกันว่า ทำไมต้องทำงานมากขนาดนี้ ในขณะที่ผมรู้สึกขอบคุณกับการที่ได้รับโอกาสในการทำงานต่าง ๆ นี้ ก็ยังมีอีกความคิดหนึ่งที่ลอยขึ้นมาในหัว นั่นก็คือ “ทำไมเมื่อ 10 ปีก่อน ผมถึงไม่มีโอกาสได้ทำงานเหมือนตอนนี้เลย”\r\nสิ่งที่ผมได้ทำในโรงเรียนกวดวิชาประถมไม่ว่าจะเป็นการอ่านออกเสียงหรือวิธีการหายใจที่ผมพูดเน้นย้ำอยู่เสมอนั้นเป็นสิ่งที่ผมได้สร้างมันขึ้นมาเอาไว้เมื่อ 10 ปีก่อนแล้ว กล่าวคือ แม้จะเป็นเมื่อ 10 ปีก่อนนั้น ผมก็ได้ทำงานที่เหมือนกับงานในตอนนี้มาแล้วนั่นเอง และยิ่งไปกว่านั้น ตอนนั้นผมมีทั้งพลังกายที่มากมายเหลือล้นกว่าตอนนี้ ทั้งยังมีความคิดที่เฉียบแหลมรวดเร็วกว่า แต่ทว่าตอนนั้นกลับไม่มีใครยอมรับผมเลย จึงพูดได้ว่าความคับแค้นใจในตอนนั้นทำให้ผมต้องทุ่มเททำงานหนักมาจนถึงปัจจุบัน\r\nเรื่องที่ทำไม่ได้ในตอนนั้นและความโดดเดี่ยว หากพูดกันตรง ๆ แล้วผมไม่แม้แต่อยากจะนึกถึงมันเลย แต่ทว่า ถ้าหากการเล่าเรื่องเหล่านี้จะเป็นการให้กำลังแก่ผู้คนที่กำลังทุกข์ทนอยู่กับความโดดเดี่ยวในตอนนี้ หรือเป็นพลังให้แก่ผู้คนที่รู้สึกว่าอยากจะปลีกตัวจากสังคมกลุ่ม แต่ก็หวาดกลัวความโดดเดี่ยวจนไม่สามารถก้าวเท้าออกมาได้ แม้จะเป็นกำลังใจเพียงเล็กน้อย แต่ก็คงมีความหมายอยู่บ้าง', 'น่ารักกว่านี้...ก็แฟนผมแล้วล่ะ'),
(19, 8, '“นายมาได้ยังไง” ผูชิงชิงถามด้วยความแปลกใจ\r\n“มารับเธอไง” ลู่วั่งเทียนพูดด้วยท่าทางภูมิอกภูมิใจ “เธอโทร.มาถามว่าฝนจะหยุดตกตอนไหน ฉันก็เลยพอจะเดาเที่ยวบินที่เธอนั่งกลับมาได้ เห็นว่าดึกขนาดนี้แล้ว รถประจำทางก็ไม่มีอีก เธอเรียกแท็กซี่กลับคนเดียวก็ไม่ปลอดภัย เพราะฉะนั้นฉันก็เลยมารับเธอไง”\r\nผูชิงชิงไม่อยากจะเชื่อเลยว่านี่เป็นความจริง เธอยกนิ้วโป้งให้เขา ก่อนชมด้วยความจริงใจว่า “นายนี่ใจกว้างจริงๆ!”\r\nลู่วั่งเทียนรับกระเป๋าสัมภาระมาจากผูชิงชิงมือหนึ่ง ส่วนอีกมือก็ควงกุญแจรถไปมา สีหน้าไม่สะทกสะท้าน “เป็นเรื่องที่ฉันสมควรจะทำอยู่แล้ว ไปกันเถอะ รถฉันอยู่ที่ลานจอด”\r\nลานจอดรถของสนามบินค่อนข้างใหญ่เป็นพิเศษ ผูชิงชิงเดินเลี้ยวซ้ายเลี้ยวขวาตามลู่วั่งเทียนไป จนกระทั่งหยุดลงที่หน้ารถคันหนึ่ง ในลานนี้มีรถจอดอยู่เกือบเต็มไปหมด แต่ผูชิงชิงกลับมองเห็นรถคันนี้ตั้งแต่แรกไม่ต่างกับลู่วั่งเทียน เพราะสะดุดตามาก ตั้งแต่โลโก้กระทั่งรูปลักษณ์ดูโดดเด่นไม่ซ้ำใคร ไม่มีทางที่ใครจะมองผ่านไปได้\r\nขณะที่ผูชิงชิงกำลังจะพูดว่า นายเองก็รู้สึกว่ารถคันนี้ก็ไม่เลวเหมือนกันใช่ไหม ลู่วั่งเทียนกลับเปิดกระโปรงท้ายรถ ก่อนวางสัมภาระของผูชิงชิงลงไป\r\nผูชิงชิงนิ่งอึ้งไป แล้วถามอย่างตกใจว่า “นี่รถนายเหรอ”\r\n“ใช่ เป็นยังไง เท่ใช่ไหมล่ะ”\r\n“คงแพงมากเลยสินะ…” ไม่ใช่ว่าผูชิงชิงไม่เคยเห็นรถดีๆ มาก่อน รถของเจ้านายเธอเองก็ไม่เลวเลยเหมือนกัน แต่ก็ไม่ดีเท่ากับรถคันนี้\r\n“ก็พอไหว” น้ำเสียงของลู่วั่งเทียนราบเรียบ ราวกับกำลังพูดถึงราคาผักกาดขาวหัวหนึ่งเท่านั้น', 'ปรากฏตัวในท้องพระโรง'),
(20, 8, '“งั้นเหรอ” ผูชิงชิงพูดยิ้มๆ สำหรับเรื่องนี้สำหรับเธอกลับไม่ได้รู้สึกแปลกใจอะไร เธอทำงานอยู่ที่สำนักงานทนายความ เจ้านายก็เป็นทนายความระดับอาวุโส การทำงานในสายนี้ ยิ่งเป็นคนรุ่นใหม่ก็ยิ่งจะต้องมีรถดีๆ ขับ ไม่อย่างนั้นจะทำให้ลูกความรู้สึกเชื่อถือได้อย่างไร เธอยังเคยได้ยินมาอีกว่า มีทนายความจำนวนไม่น้อยที่พอเริ่มทำงาน ก็เอาเงินที่เตรียมไว้ดาวน์บ้านมาซื้อรถก่อน ผลที่ตามมาก็คือหลังจากนั้นราคาบ้านยิ่งสูงขึ้นจนซื้อไม่ไหวแล้ว\r\nรถทะยานตัวออกจากลานจอดก่อนพุ่งเข้าสู่ทางด่วนของสนามบิน บนถนนไม่มีรถราแม้แต่คันเดียว แสงไฟข้างทางสีเหลืองนวลสาดออกไปข้างหน้าดูราวกับทางช้างเผือก ท้องถนนเงียบสงบมาก หลังจากออกมาสักพัก ร่างที่เกร็งขึงของผูชิงชิงก็ค่อยๆ ผ่อนคลายลง เธอพิงร่างกับพนักเก้าอี้ เสพสุขกับความรู้สึกนุ่มสบายของเบาะที่นั่ง แอบคิดเงียบๆ ว่าที่นั่งชั้นหนึ่งบนเครื่องบินก็คงจะไม่สบายมากเท่านี้\r\nเธอเหนื่อยมากจริงๆ พายุฝนหอบนั้นทำให้แผนของเธอวุ่นวายไปหมด ตอนแรกที่คิดไว้ว่าจะรีบกลับมาเพื่อที่จะได้มีเวลานอนพักสักตื่น แต่ตอนนี้อีกไม่กี่ชั่วโมงก็จะเช้าแล้ว ถึงจะอยากนอนแต่ก็คงไม่หลับอยู่ดี\r\nผูชิงชิงหาว ก่อนหันไปบ่นกับลู่วั่งเทียนว่า “นายเป็นจอมหลอกลวง ไหนบอกว่าอีกแป็บเดียวฝนก็จะหยุดตกแล้วไง แต่นี่ยังตกอยู่เป็นชั่วโมงๆ ผู้โดยสารเกือบจะทุบตีพนักงานคนนั้นอยู่แล้ว นักอุตุนิยมวิทยาอย่างพวกนายก็ช่วยรายงานอะไรตามตรงหน่อยได้ไหม”', 'ท่านอ๋องอย่าสิ้นคิด');

-- --------------------------------------------------------

--
-- Table structure for table `favor`
--

CREATE TABLE `favor` (
  `f_id` int(11) NOT NULL,
  `ep_id` int(11) NOT NULL,
  `pinname` varchar(32) NOT NULL
) ENGINE=InnoDB DEFAULT CHARSET=utf8;

--
-- Dumping data for table `favor`
--

INSERT INTO `favor` (`f_id`, `ep_id`, `pinname`) VALUES
(40, 12, 'Love'),
(42, 11, 'ซักป้าบมั้ย'),
(43, 20, 'โดนสาดน้ำบนเครื่องบิน'),
(44, 19, 'เปรี๊ยะ!!');

-- --------------------------------------------------------

--
-- Table structure for table `user`
--

CREATE TABLE `user` (
  `id` int(11) NOT NULL,
  `name` varchar(16) NOT NULL,
  `email` varchar(32) NOT NULL,
  `pass` varchar(32) NOT NULL,
  `birthdate` varchar(32) NOT NULL
) ENGINE=InnoDB DEFAULT CHARSET=utf8;

--
-- Dumping data for table `user`
--

INSERT INTO `user` (`id`, `name`, `email`, `pass`, `birthdate`) VALUES
(3, 'Nadia', '62070251@kmitl.ac.th', 'Nadaaaaaaaaaaa', '18012010'),
(4, 'Anna Belle', 'Anna_B@yahoo.com', 'fffffffffffffffffff', '30112010');

--
-- Indexes for dumped tables
--

--
-- Indexes for table `books`
--
ALTER TABLE `books`
  ADD PRIMARY KEY (`id`);

--
-- Indexes for table `episode`
--
ALTER TABLE `episode`
  ADD PRIMARY KEY (`ed_id`);

--
-- Indexes for table `favor`
--
ALTER TABLE `favor`
  ADD PRIMARY KEY (`f_id`);

--
-- Indexes for table `user`
--
ALTER TABLE `user`
  ADD PRIMARY KEY (`id`);

--
-- AUTO_INCREMENT for dumped tables
--

--
-- AUTO_INCREMENT for table `episode`
--
ALTER TABLE `episode`
  MODIFY `ed_id` int(11) NOT NULL AUTO_INCREMENT, AUTO_INCREMENT=21;

--
-- AUTO_INCREMENT for table `favor`
--
ALTER TABLE `favor`
  MODIFY `f_id` int(11) NOT NULL AUTO_INCREMENT, AUTO_INCREMENT=45;

--
-- AUTO_INCREMENT for table `user`
--
ALTER TABLE `user`
  MODIFY `id` int(11) NOT NULL AUTO_INCREMENT, AUTO_INCREMENT=7;
COMMIT;

/*!40101 SET CHARACTER_SET_CLIENT=@OLD_CHARACTER_SET_CLIENT */;
/*!40101 SET CHARACTER_SET_RESULTS=@OLD_CHARACTER_SET_RESULTS */;
/*!40101 SET COLLATION_CONNECTION=@OLD_COLLATION_CONNECTION */;
